{
  "gwas_df_full.csv": {
    "approach_mean::ldp": 0.15983206317650764,
    "approach_mean::proposed": 0.42446659100936174,
    "dataset_mean::eye": 0.20293733334766142,
    "dataset_mean::hair": 0.35161506041284296,
    "dataset_mean::lactose": 0.3218955875182996,
    "mean_retention": 0.2921493270929346,
    "rows": 13200.0
  },
  "gwas_df_full_maf.csv": {
    "approach_mean::proposed_dp_maf": 0.3268085606917196,
    "dataset_mean::eye": 0.2998628230035681,
    "dataset_mean::hair": 0.3565134686989936,
    "dataset_mean::lactose": 0.3240493903725971,
    "mean_retention": 0.32680856069171954,
    "rows": 3960.0
  },
  "mia_experiments_results_full.csv": {
    "approach_mean::ldp": 0.25872685185185185,
    "approach_mean::proposed": 0.405679012345679,
    "dataset_mean::eye": 0.25170781893004107,
    "dataset_mean::hair": 0.393,
    "dataset_mean::lactose": 0.368,
    "mean_mia": 0.33220293209876545,
    "rows": 1600.0
  },
  "mia_experiments_results_large_scale.csv": {
    "approach_mean::ldp": 0.4493775684417333,
    "approach_mean::proposed": 0.44072998666494595,
    "dataset_mean::eye": 0.3816125250017242,
    "dataset_mean::hair": 0.5073148148148148,
    "dataset_mean::lactose": 0.45851851851851855,
    "mean_mia": 0.44505979535555035,
    "rows": 2874.0
  },
  "utility_100_df_full.csv": {
    "approach_mean::dpsyn": 0.6140680555555555,
    "approach_mean::privbayes": 0.28804833333333335,
    "approach_mean::proposed": 0.16430430555555553,
    "mean_utility": 0.35547356481481474,
    "metric_mean::calc_sample_distance": 0.5650333333333334,
    "metric_mean::mean_error": 0.24965555555555552,
    "metric_mean::point_error": 0.4489,
    "metric_mean::variance_error": 0.15830537037037035,
    "rows": 60.0
  }
}